<?xml version="1.0" encoding="UTF-8"?>
<project-private xmlns="http://www.netbeans.org/ns/project-private/1">
    <editor-bookmarks xmlns="http://www.netbeans.org/ns/editor-bookmarks/2" lastBookmarkId="0"/>
    <open-files xmlns="http://www.netbeans.org/ns/projectui-open-files/2">
        <group>
            <file>file:/Users/ashishpatel/NetBeansProjects/MySolutions8/web/ThreeParamsForm.html</file>
            <file>file:/Users/ashishpatel/NetBeansProjects/MySolutions8/web/coreservlets/ThreeParams.java</file>
            <file>file:/Users/ashishpatel/NetBeansProjects/MySolutions8/web/RandomLister3.jsp</file>
            <file>file:/Users/ashishpatel/NetBeansProjects/MySolutions8/web/ThreeParams.jsp</file>
            <file>file:/Users/ashishpatel/NetBeansProjects/MySolutions8/web/RandomNum.jsp</file>
        </group>
    </open-files>
</project-private>
