<?xml version="1.0" encoding="UTF-8"?>
<purchases>
    <customer>
        <firstname>Jeff</firstname>
        <lastname>Smith</lastname>
        <email>someWebGuy@someDomain.ca</email>
        <custid>42</custid>
    </customer>
    <purchase id="1">
       <item>PCARTR-150</item>
       <description>Black Ink Jet Print Cartridge</description>
       <cost>45.32</cost>
    </purchase>
    <purchase id="2">
       <item>PAPER</item>
       <description>Printer Paper</description>
       <cost>9.01</cost>
    </purchase>
    <!-- more purchases -->
</purchases>
